Years After Graduation,Field of Study (2-digit CIP code),Median Income,cred_Bachelor's degree,cred_Certificate,cred_Diploma,cred_Doctoral degree,cred_Master's degree,cred_Professional bachelor's degree
0.004,-0.27,75800,1,0,0,0,0,0
-0.700,-0.62,40400,1,0,0,0,0,0
-0.700,0.30,69800,0,0,0,1,0,0
1.413,-0.33,38300,0,1,0,0,0,0
0.004,-1.05,47800,0,1,0,0,0,0
-1.404,-0.82,54300,1,0,0,0,0,0
-1.404,2.26,86900,0,0,0,0,1,0
1.413,0.13,57100,1,0,0,0,0,0
-1.404,0.30,62700,0,0,0,0,1,0
-1.404,-1.05,16800,0,1,0,0,0,0
-1.404,-0.83,32800,1,0,0,0,0,0
-0.700,-0.09,28000,0,1,0,0,0,0
0.709,-0.82,36200,1,0,0,0,0,0
0.709,0.68,58800,0,0,1,0,0,0
1.413,2.26,95300,1,0,0,0,0,0
-0.700,-0.33,55000,1,0,0,0,0,0
1.413,-0.09,45700,0,1,0,0,0,0
0.004,1.53,97400,0,0,0,0,1,0
0.004,-1.62,42400,1,0,0,0,0,0
-1.404,-0.77,31700,0,0,1,0,0,0
0.004,0.30,63100,1,0,0,0,0,0
0.004,-0.10,47700,1,0,0,0,0,0
0.709,-1.21,52900,1,0,0,0,0,0
-1.404,2.26,75700,1,0,0,0,0,0
-0.700,1.88,57700,0,1,0,0,0,0
1.413,-0.82,58900,0,0,0,0,1,0
0.004,-0.33,46800,0,1,0,0,0,0
0.004,2.26,68600,1,0,0,0,0,0
0.004,0.13,38300,0,1,0,0,0,0
1.413,0.30,48400,0,0,1,0,0,0
1.413,-0.10,63400,1,0,0,0,0,0
0.004,0.44,79400,0,0,0,1,0,0
0.709,-0.33,34300,0,1,0,0,0,0
0.004,-0.82,34900,0,0,1,0,0,0
0.004,0.68,79700,0,0,1,0,0,0
-1.404,-0.55,56800,0,0,0,0,1,0
-0.700,-0.10,75800,0,0,0,0,1,0
0.709,1.88,46700,0,1,0,0,0,0
-0.700,-0.09,45400,0,0,1,0,0,0
-1.404,-0.62,37100,0,0,0,0,1,0
-1.404,0.68,68500,0,1,0,0,0,0
1.413,-0.55,51300,0,0,1,0,0,0
-1.404,-1.13,32200,1,0,0,0,0,0
-1.404,-0.09,53700,0,0,1,0,0,0
0.004,0.30,92700,0,0,0,0,1,0
1.413,-1.62,27100,0,0,0,1,0,0
-0.700,-0.77,36200,0,0,1,0,0,0
-1.404,-0.10,49100,1,0,0,0,0,0
0.709,-0.82,50000,1,0,0,0,0,0
0.709,0.68,56700,0,1,0,0,0,0
1.413,0.13,53800,1,0,0,0,0,0
1.413,0.13,63900,0,0,1,0,0,0
-1.404,-0.64,46800,0,0,1,0,0,0
0.004,0.13,50000,1,0,0,0,0,0
-1.404,0.68,56300,0,1,0,0,0,0
0.709,-1.22,43100,0,0,1,0,0,0
-1.404,1.53,67100,0,0,0,1,0,0
1.413,-0.09,83400,0,0,0,1,0,0
0.709,-0.10,42600,1,0,0,0,0,0
0.004,-0.55,44400,1,0,0,0,0,0
0.004,-0.33,114500,0,0,0,0,1,0
-1.404,0.45,69100,0,0,0,0,1,0
-1.404,0.67,56500,0,0,1,0,0,0
-0.700,2.26,99700,0,0,0,0,1,0
0.709,0.30,72900,1,0,0,0,0,0
0.004,0.13,84300,0,0,0,0,0,1
-1.404,2.26,81600,1,0,0,0,0,0
-0.700,0.68,82000,0,1,0,0,0,0
0.004,-0.77,72700,0,0,0,1,0,0
-1.404,0.13,32600,0,1,0,0,0,0
0.709,-0.55,49800,1,0,0,0,0,0
0.709,-1.62,22100,0,0,0,1,0,0
-1.404,-0.64,38000,0,0,1,0,0,0
0.004,2.26,112700,1,0,0,0,0,0
1.413,1.53,96300,0,0,0,0,1,0
-0.700,0.13,46800,0,1,0,0,0,0
0.709,-0.90,42300,0,1,0,0,0,0
0.004,0.13,46500,0,1,0,0,0,0
-1.404,0.13,73400,0,0,0,0,1,0
0.004,0.13,53600,0,1,0,0,0,0
0.709,-1.62,44500,1,0,0,0,0,0
0.004,-0.77,58100,0,0,0,0,1,0
0.709,-1.50,21600,0,1,0,0,0,0
0.709,-0.33,49000,0,0,1,0,0,0
-1.404,0.13,42900,0,1,0,0,0,0
-0.700,0.19,69500,0,0,0,1,0,0
-1.404,-1.62,30500,0,1,0,0,0,0
0.709,-1.34,21600,0,1,0,0,0,0
0.004,-1.66,37800,1,0,0,0,0,0
1.413,-0.27,57600,1,0,0,0,0,0
0.709,0.13,23500,0,0,0,0,0,1
1.413,-0.10,53300,1,0,0,0,0,0
-1.404,2.26,69300,1,0,0,0,0,0
0.709,-0.82,53700,1,0,0,0,0,0
-0.700,0.13,44600,1,0,0,0,0,0
0.004,-0.77,48200,1,0,0,0,0,0
1.413,0.30,91800,0,0,0,1,0,0
0.709,0.62,43100,0,1,0,0,0,0
1.413,-0.33,69500,0,0,1,0,0,0
1.413,-0.77,39100,0,1,0,0,0,0
0.004,0.68,83300,0,1,0,0,0,0
-0.700,0.13,89800,0,0,0,1,0,0
0.709,2.26,109000,1,0,0,0,0,0
1.413,-0.64,55600,0,0,1,0,0,0
-1.404,-0.82,24500,0,0,1,0,0,0
0.004,0.19,54700,1,0,0,0,0,0
0.004,-1.62,36300,1,0,0,0,0,0
0.004,-1.66,24400,1,0,0,0,0,0
1.413,0.30,91000,0,0,0,0,1,0
0.709,-1.05,59500,0,1,0,0,0,0
0.709,-0.77,57700,0,0,0,0,1,0
-1.404,-1.66,35000,1,0,0,0,0,0
-0.700,2.26,70100,1,0,0,0,0,0
0.004,0.13,69400,0,0,0,0,0,1
0.709,0.13,66600,0,0,0,0,0,1
-1.404,-0.33,40200,0,0,1,0,0,0
0.004,2.26,81300,0,0,0,0,1,0
-0.700,-1.66,26400,0,0,1,0,0,0
0.004,0.68,64100,0,1,0,0,0,0
0.004,-1.66,44100,0,0,0,0,1,0
0.709,0.13,44600,0,0,1,0,0,0
-1.404,-0.33,54700,1,0,0,0,0,0
-1.404,0.68,46800,0,0,1,0,0,0
-1.404,-0.55,31700,0,0,1,0,0,0
-1.404,0.19,88500,0,0,0,0,1,0
-1.404,-0.10,39400,1,0,0,0,0,0
1.413,2.26,82000,1,0,0,0,0,0
-1.404,-1.22,41400,1,0,0,0,0,0
0.709,-0.33,72900,1,0,0,0,0,0
-1.404,0.13,34700,1,0,0,0,0,0
0.004,0.93,117500,0,0,1,0,0,0
-0.700,0.62,83400,0,0,0,0,0,1
0.004,-0.77,35500,0,0,1,0,0,0
-1.404,-0.82,33100,1,0,0,0,0,0
1.413,-0.77,35200,0,0,1,0,0,0
-1.404,1.88,35700,0,1,0,0,0,0
-1.404,2.26,63700,0,0,0,1,0,0
-1.404,0.19,36400,1,0,0,0,0,0
-0.700,-0.33,64600,0,0,1,0,0,0
1.413,-0.92,46000,1,0,0,0,0,0
0.709,-0.10,90300,0,0,0,0,1,0
-0.700,0.13,72200,0,0,0,0,1,0
0.709,0.44,76600,0,0,0,1,0,0
-1.404,-0.82,31300,0,0,0,1,0,0
1.413,0.68,83300,0,0,1,0,0,0
1.413,-0.10,54000,1,0,0,0,0,0
-0.700,-0.33,36000,0,0,1,0,0,0
1.413,-0.10,45500,1,0,0,0,0,0
0.004,-0.10,78800,0,0,0,1,0,0
0.709,-0.82,71900,1,0,0,0,0,0
0.709,0.13,79600,1,0,0,0,0,0
0.004,-1.66,45200,0,0,0,0,1,0
0.004,0.30,79800,0,0,0,0,1,0
-0.700,1.88,81300,0,0,1,0,0,0
0.004,-1.50,56000,0,1,0,0,0,0
0.004,-0.82,42400,0,0,1,0,0,0
0.004,2.26,91000,0,0,0,1,0,0
0.709,-0.33,48000,0,1,0,0,0,0
-0.700,-1.50,49100,0,1,0,0,0,0
0.709,0.19,63900,0,0,0,1,0,0
-1.404,0.19,39400,1,0,0,0,0,0
1.413,0.13,78400,0,0,0,0,1,0
-0.700,-0.10,41500,1,0,0,0,0,0
-1.404,-0.33,34400,0,1,0,0,0,0
0.709,-0.10,61000,0,0,0,0,1,0
0.709,-0.82,57100,1,0,0,0,0,0
-0.700,-0.62,53300,0,0,0,1,0,0
1.413,-0.09,50100,0,0,1,0,0,0
0.709,0.19,54300,1,0,0,0,0,0
0.004,-1.21,28600,0,0,1,0,0,0
0.709,0.67,91100,0,0,1,0,0,0
0.004,-0.82,60200,0,0,0,0,1,0
-1.404,-0.09,70800,0,0,0,0,1,0
0.004,-0.82,45600,1,0,0,0,0,0
1.413,0.13,46600,0,1,0,0,0,0
0.709,-1.66,33100,0,0,1,0,0,0
-1.404,0.62,41700,1,0,0,0,0,0
0.709,0.13,66400,0,0,0,0,1,0
-1.404,0.45,56200,1,0,0,0,0,0
0.709,0.19,64500,0,0,0,0,1,0
1.413,0.62,57100,1,0,0,0,0,0
0.709,2.26,128800,0,0,0,1,0,0
-1.404,-0.82,44000,1,0,0,0,0,0
-1.404,1.53,79400,1,0,0,0,0,0
-1.404,0.13,73800,1,0,0,0,0,0
1.413,0.44,56900,1,0,0,0,0,0
1.413,2.26,84500,1,0,0,0,0,0
0.709,-0.10,71500,0,0,0,0,1,0
-1.404,-0.82,47400,0,0,0,0,1,0
0.709,-0.33,53200,1,0,0,0,0,0
0.709,0.67,64800,1,0,0,0,0,0
0.004,0.45,74400,0,0,0,0,1,0
0.709,-1.22,38000,0,0,1,0,0,0
0.004,0.67,59400,1,0,0,0,0,0
0.709,-0.82,62200,1,0,0,0,0,0
0.709,-1.62,46200,1,0,0,0,0,0
0.709,-0.33,68800,0,0,1,0,0,0
0.004,-0.09,74700,0,0,0,0,1,0
-1.404,0.67,43100,0,1,0,0,0,0
-0.700,0.62,42600,0,0,1,0,0,0
-0.700,0.13,42500,0,0,1,0,0,0
0.004,-0.82,30900,0,0,0,0,1,0
-0.700,-0.09,55800,0,0,1,0,0,0
0.709,-0.33,59700,0,0,1,0,0,0
-0.700,0.45,69700,0,0,0,0,1,0
0.709,2.26,82900,0,0,0,1,0,0
-1.404,-0.33,36400,1,0,0,0,0,0
1.413,-0.10,70700,0,0,0,0,1,0
0.709,0.13,36400,0,1,0,0,0,0
-0.700,0.13,24100,0,0,1,0,0,0
-1.404,-0.55,50200,0,0,1,0,0,0
-0.700,-0.90,37500,0,0,1,0,0,0
1.413,1.53,71200,1,0,0,0,0,0
-1.404,0.19,24900,0,0,0,1,0,0
-1.404,-0.55,41700,1,0,0,0,0,0
-0.700,2.26,96600,0,0,0,1,0,0
0.709,-0.10,50500,1,0,0,0,0,0
1.413,0.62,106000,0,0,0,0,0,1
0.709,-1.62,36400,0,1,0,0,0,0
0.004,-0.10,57400,1,0,0,0,0,0
0.004,-0.62,44700,1,0,0,0,0,0
0.709,-0.33,71300,1,0,0,0,0,0
-0.700,-0.33,31500,0,1,0,0,0,0
-0.700,-1.62,33500,0,1,0,0,0,0
-0.700,0.19,40200,0,0,0,1,0,0
0.004,1.53,75100,0,0,1,0,0,0
0.709,-0.33,51000,0,1,0,0,0,0
1.413,-1.22,38000,0,1,0,0,0,0
-1.404,0.13,76300,0,0,1,0,0,0
0.709,-0.55,42500,1,0,0,0,0,0
-1.404,0.44,58000,1,0,0,0,0,0
0.709,-1.21,31700,0,0,1,0,0,0
-0.700,0.67,50800,0,1,0,0,0,0
0.709,0.30,46400,0,0,1,0,0,0
-1.404,-0.33,38900,0,0,1,0,0,0
-1.404,-0.77,36400,0,0,0,1,0,0
0.004,0.16,51100,0,0,1,0,0,0
1.413,0.13,96200,0,0,0,1,0,0
-1.404,0.68,59800,0,0,1,0,0,0
0.004,-0.10,48800,1,0,0,0,0,0
1.413,-1.05,47500,0,1,0,0,0,0
-0.700,-1.34,44200,1,0,0,0,0,0
0.709,1.53,63000,1,0,0,0,0,0
0.709,0.13,58400,0,0,1,0,0,0
0.709,-0.55,56200,0,0,1,0,0,0
1.413,1.88,101000,0,1,0,0,0,0
-1.404,-0.82,41900,1,0,0,0,0,0
0.709,2.26,111400,1,0,0,0,0,0
0.004,-0.55,60100,1,0,0,0,0,0
-1.404,0.68,49200,0,0,1,0,0,0
0.004,-0.10,62900,0,0,0,0,1,0
-1.404,0.93,35000,0,1,0,0,0,0
0.004,0.30,53400,0,1,0,0,0,0
-0.700,-0.33,42500,0,0,1,0,0,0
0.004,-0.33,66900,1,0,0,0,0,0
0.004,-0.09,75100,0,0,0,1,0,0
1.413,0.13,76200,1,0,0,0,0,0
-0.700,-1.66,31700,1,0,0,0,0,0
0.709,0.13,44800,0,0,1,0,0,0
0.004,-1.66,30600,0,0,1,0,0,0
0.709,0.30,63200,0,1,0,0,0,0
0.709,-0.82,32700,0,1,0,0,0,0
1.413,0.13,47400,0,1,0,0,0,0
1.413,-0.82,56400,1,0,0,0,0,0
-0.700,2.26,59100,1,0,0,0,0,0
0.004,-0.33,56200,0,0,1,0,0,0
-1.404,-0.27,45700,1,0,0,0,0,0
-1.404,0.30,93700,0,0,0,0,1,0
-1.404,0.13,52100,1,0,0,0,0,0
1.413,0.13,45200,0,1,0,0,0,0
-1.404,0.13,48500,1,0,0,0,0,0
0.709,-0.62,47700,1,0,0,0,0,0
0.709,0.68,54400,0,1,0,0,0,0
0.709,-0.82,53100,0,0,0,1,0,0
0.709,2.26,98300,0,0,0,1,0,0
-0.700,0.44,69800,0,0,0,1,0,0
1.413,0.30,52500,0,1,0,0,0,0
-0.700,0.16,66300,0,0,0,0,1,0
-1.404,-1.13,31600,1,0,0,0,0,0
0.004,-1.66,29500,0,0,1,0,0,0
0.709,0.19,70800,1,0,0,0,0,0
-1.404,0.13,32800,0,0,1,0,0,0
1.413,0.13,61200,0,0,0,0,1,0
1.413,2.26,75100,1,0,0,0,0,0
0.709,0.68,58600,0,0,1,0,0,0
0.004,0.68,64900,0,0,1,0,0,0
0.709,-0.33,59600,1,0,0,0,0,0
-0.700,0.13,45100,0,0,1,0,0,0
0.004,-0.33,46600,1,0,0,0,0,0
0.004,-0.55,42900,0,0,1,0,0,0
1.413,-0.77,64100,0,0,0,0,1,0
0.709,-0.62,76100,0,0,0,1,0,0
0.004,0.13,94200,0,0,0,0,1,0
0.004,2.26,75600,0,0,0,1,0,0
0.004,-0.82,38300,0,0,1,0,0,0
-0.700,-0.09,36800,0,0,1,0,0,0
-1.404,1.53,80200,0,0,0,0,1,0
0.004,0.19,55600,1,0,0,0,0,0
-0.700,-0.10,74500,0,0,0,1,0,0
0.709,1.53,89400,0,0,0,1,0,0
-0.700,0.67,46900,0,0,1,0,0,0
-0.700,2.26,90600,0,0,0,1,0,0
-1.404,-0.33,41000,0,1,0,0,0,0
1.413,-0.33,77100,1,0,0,0,0,0
0.709,2.26,78100,1,0,0,0,0,0
0.709,0.13,68600,0,0,0,1,0,0
-1.404,-0.27,33500,1,0,0,0,0,0
-1.404,0.13,68600,0,0,0,0,1,0
0.004,0.19,55600,0,0,0,1,0,0
-0.700,0.30,77400,0,0,0,0,1,0
0.004,-0.83,52300,1,0,0,0,0,0
0.709,-0.10,59500,1,0,0,0,0,0
-0.700,0.13,48600,1,0,0,0,0,0
1.413,2.26,85700,0,0,0,1,0,0
0.004,-0.33,37800,0,1,0,0,0,0
-0.700,0.13,45100,1,0,0,0,0,0
-0.700,-0.27,47600,1,0,0,0,0,0
0.709,-1.66,40900,0,0,1,0,0,0
0.709,0.13,71800,0,0,1,0,0,0
-0.700,0.13,80800,0,0,0,0,0,1
-1.404,0.44,56800,0,0,0,0,1,0
1.413,0.68,55100,0,0,1,0,0,0
0.709,0.44,70400,0,0,0,0,1,0
-1.404,2.26,44000,1,0,0,0,0,0
0.004,-0.77,28600,0,0,1,0,0,0
0.709,0.13,38100,0,1,0,0,0,0
-1.404,-0.82,26400,0,0,1,0,0,0
-0.700,0.13,50200,0,0,1,0,0,0
0.709,-1.66,43800,1,0,0,0,0,0
-0.700,-0.33,56800,1,0,0,0,0,0
0.709,0.68,71000,0,0,1,0,0,0
1.413,0.16,65000,0,0,0,0,1,0
0.004,0.13,93700,0,0,0,1,0,0
0.709,2.26,114300,0,0,0,0,1,0
-1.404,-0.82,33600,0,0,1,0,0,0
-1.404,-1.66,33600,0,0,1,0,0,0
-0.700,-1.66,29200,0,1,0,0,0,0
-1.404,-1.62,25500,0,0,0,1,0,0
-1.404,0.93,40600,0,1,0,0,0,0
-1.404,0.30,55200,1,0,0,0,0,0
-1.404,-0.33,47800,1,0,0,0,0,0
1.413,-0.33,38000,0,0,1,0,0,0
0.709,-0.27,75100,1,0,0,0,0,0
0.004,2.26,88600,0,0,0,0,1,0
-0.700,-0.10,51700,1,0,0,0,0,0
0.004,0.13,35200,0,1,0,0,0,0
1.413,0.30,93500,0,0,0,0,1,0
-1.404,-0.82,13200,0,0,0,1,0,0
0.004,-0.33,35600,0,0,1,0,0,0
0.004,0.44,61700,0,0,0,0,1,0
-0.700,-0.33,51000,1,0,0,0,0,0
-1.404,0.68,47800,0,1,0,0,0,0
0.709,-1.66,58400,0,0,0,0,1,0
-0.700,-0.33,44200,0,0,1,0,0,0
-0.700,-0.55,47600,1,0,0,0,0,0
0.004,-0.82,37400,0,1,0,0,0,0
0.004,0.62,41700,0,1,0,0,0,0
-1.404,0.30,42500,0,0,1,0,0,0
1.413,0.13,26200,0,0,1,0,0,0
-0.700,2.26,63700,1,0,0,0,0,0
-0.700,0.13,70700,0,0,1,0,0,0
-0.700,0.93,121000,0,0,1,0,0,0
-0.700,0.68,75600,1,0,0,0,0,0
0.709,-1.34,34900,0,0,1,0,0,0
0.004,-1.21,49700,1,0,0,0,0,0
1.413,1.53,49800,1,0,0,0,0,0
-1.404,-1.22,33500,0,0,1,0,0,0
1.413,-1.66,34700,0,1,0,0,0,0
0.004,-0.83,40500,1,0,0,0,0,0
0.004,-1.62,32800,0,1,0,0,0,0
-1.404,0.44,61800,0,0,0,1,0,0
-0.700,1.88,47200,0,0,1,0,0,0
1.413,0.13,103100,0,0,0,0,0,1
-0.700,2.26,65900,0,0,0,1,0,0
1.413,0.13,39000,0,1,0,0,0,0
-0.700,0.19,49100,1,0,0,0,0,0
0.004,0.13,82700,1,0,0,0,0,0
0.709,0.30,91600,0,0,0,0,1,0
0.004,0.13,61500,0,0,0,1,0,0
-0.700,0.45,68900,0,0,0,0,1,0
0.709,0.30,89500,0,0,0,1,0,0
-0.700,0.13,53000,0,0,0,1,0,0
0.004,-0.83,36200,0,0,1,0,0,0
-0.700,1.53,65400,0,0,1,0,0,0
-0.700,-1.66,29000,0,0,1,0,0,0
1.413,-0.77,67300,0,0,0,1,0,0
0.004,0.13,73000,0,0,0,0,1,0
1.413,-0.33,77700,1,0,0,0,0,0
-0.700,-0.77,64900,0,0,0,0,1,0
-0.700,-1.22,36700,0,0,1,0,0,0
0.004,-0.33,60600,1,0,0,0,0,0
0.004,0.30,49500,0,1,0,0,0,0
1.413,0.13,46200,0,0,0,0,0,1
-1.404,0.13,75700,0,0,1,0,0,0
0.004,-1.62,33000,0,0,0,1,0,0
-1.404,-1.50,31100,0,0,1,0,0,0
-1.404,0.62,40200,0,1,0,0,0,0
0.709,-1.66,31300,1,0,0,0,0,0
-0.700,0.13,55100,0,0,1,0,0,0
0.004,-0.82,48400,0,0,1,0,0,0
-1.404,0.93,102900,0,0,1,0,0,0
-1.404,2.26,63400,0,0,0,1,0,0
-1.404,0.68,55900,0,0,1,0,0,0
0.004,-0.10,66800,0,0,0,0,1,0
1.413,-0.10,54100,0,0,0,0,1,0
0.004,0.19,74900,0,0,0,1,0,0
0.709,0.68,73900,0,0,1,0,0,0
0.004,0.68,55100,0,1,0,0,0,0
0.709,2.26,83600,1,0,0,0,0,0
0.004,1.53,26400,0,0,1,0,0,0
0.004,0.19,50300,1,0,0,0,0,0
0.004,0.16,67400,0,0,0,0,1,0
0.709,0.93,43700,0,1,0,0,0,0
0.709,2.26,96400,0,0,0,0,1,0
1.413,-0.33,50600,0,0,1,0,0,0
1.413,1.53,79900,0,0,1,0,0,0
0.709,-0.09,43400,0,0,1,0,0,0
-1.404,0.68,61000,0,0,1,0,0,0
0.004,1.88,52300,0,0,1,0,0,0
-0.700,0.19,89200,0,0,0,0,1,0
0.709,-0.33,69900,1,0,0,0,0,0
-1.404,-1.22,32500,0,0,1,0,0,0
-1.404,-0.82,18300,0,0,0,1,0,0
0.004,-1.50,33000,0,1,0,0,0,0
-0.700,0.67,64300,0,0,1,0,0,0
0.004,2.26,98900,0,0,0,0,1,0
0.004,0.13,44700,0,0,1,0,0,0
0.004,0.68,56000,0,0,1,0,0,0
0.004,0.13,72800,0,0,0,0,1,0
0.004,0.13,73400,0,0,1,0,0,0
-0.700,0.68,60000,0,1,0,0,0,0
-1.404,-1.21,42300,1,0,0,0,0,0
0.709,-1.66,33700,0,0,1,0,0,0
-0.700,-0.10,62300,0,0,0,0,1,0
-0.700,2.26,133900,0,0,0,1,0,0
1.413,2.26,93600,1,0,0,0,0,0
0.709,-0.10,63800,1,0,0,0,0,0
1.413,-1.62,47400,1,0,0,0,0,0
0.004,-1.66,36200,0,0,1,0,0,0
1.413,-1.34,36400,0,0,1,0,0,0
-0.700,-1.13,39600,1,0,0,0,0,0
0.004,2.26,81900,1,0,0,0,0,0
1.413,0.13,56000,0,1,0,0,0,0
-0.700,2.26,92000,0,0,0,0,1,0
0.004,0.19,71400,0,0,0,1,0,0
-1.404,0.13,38000,0,1,0,0,0,0
0.004,2.26,73600,1,0,0,0,0,0
1.413,-0.82,72200,1,0,0,0,0,0
1.413,0.13,37000,0,1,0,0,0,0
1.413,2.26,88200,0,0,0,0,1,0
-0.700,0.44,66000,0,0,0,0,1,0
1.413,0.13,66700,0,0,0,1,0,0
0.709,-0.82,59500,0,0,0,0,1,0
0.709,-1.05,50900,0,1,0,0,0,0
-0.700,0.13,37400,0,1,0,0,0,0
-1.404,-0.33,56400,0,0,1,0,0,0
1.413,-0.33,49800,1,0,0,0,0,0
-1.404,-0.33,50900,1,0,0,0,0,0
1.413,0.44,50900,1,0,0,0,0,0
0.004,-0.33,51000,0,0,1,0,0,0
0.709,2.26,93100,1,0,0,0,0,0
-1.404,0.13,38200,0,0,1,0,0,0
-0.700,0.13,36900,0,1,0,0,0,0
-0.700,-0.33,53800,0,1,0,0,0,0
-1.404,-1.05,42100,0,1,0,0,0,0
-0.700,-0.77,33000,0,0,1,0,0,0
-0.700,-0.82,38700,0,1,0,0,0,0
0.004,0.45,57600,1,0,0,0,0,0
0.709,0.13,58300,0,1,0,0,0,0
0.004,-0.77,42100,0,0,1,0,0,0
0.004,-0.09,41000,0,0,1,0,0,0
0.709,0.13,47600,0,1,0,0,0,0
-1.404,1.53,98300,0,0,0,1,0,0
-0.700,-0.55,53900,1,0,0,0,0,0
1.413,-0.82,57500,1,0,0,0,0,0
1.413,-0.33,67000,1,0,0,0,0,0
1.413,-0.33,60200,0,0,1,0,0,0
0.709,-1.66,28100,0,1,0,0,0,0
0.709,1.53,84000,0,0,0,0,1,0
-1.404,-0.33,47900,0,1,0,0,0,0
0.709,0.68,87700,0,1,0,0,0,0
1.413,-1.05,52400,0,1,0,0,0,0
0.004,-0.82,35900,1,0,0,0,0,0
-1.404,-0.33,49800,1,0,0,0,0,0
0.004,-0.33,46100,0,0,1,0,0,0
0.004,-0.33,79600,0,0,0,0,1,0
0.709,0.68,85400,0,0,1,0,0,0
1.413,-0.83,49100,0,0,0,0,1,0
-0.700,0.68,66300,0,0,1,0,0,0
-0.700,0.93,39400,0,1,0,0,0,0
1.413,-1.66,36600,0,0,1,0,0,0
1.413,0.68,64700,0,0,1,0,0,0
-0.700,1.53,87300,0,0,0,0,1,0
1.413,1.53,100100,0,0,0,0,1,0
-0.700,0.62,47700,1,0,0,0,0,0
0.004,-1.66,40500,1,0,0,0,0,0
-0.700,-0.82,42300,0,0,1,0,0,0
-1.404,0.16,65100,0,0,0,0,1,0
0.709,-0.33,52000,0,0,1,0,0,0
0.709,-0.10,59700,0,0,0,0,1,0
1.413,0.68,62900,0,1,0,0,0,0
0.709,0.13,23400,0,0,1,0,0,0
0.004,-0.82,47300,1,0,0,0,0,0
-0.700,1.53,100900,0,0,0,0,1,0
0.709,0.68,79700,0,0,1,0,0,0
0.004,0.62,93100,0,0,0,0,0,1
-0.700,-0.82,64300,1,0,0,0,0,0
0.004,1.88,100500,0,1,0,0,0,0
-1.404,-1.62,33400,1,0,0,0,0,0
-1.404,-0.33,37800,0,0,1,0,0,0
1.413,0.13,70100,0,0,1,0,0,0
1.413,-0.82,74500,0,0,0,1,0,0
-0.700,2.26,78500,1,0,0,0,0,0
1.413,0.45,56500,1,0,0,0,0,0
0.004,-0.33,36200,0,1,0,0,0,0
1.413,-0.82,48100,0,0,1,0,0,0
-0.700,1.53,58800,1,0,0,0,0,0
-0.700,0.13,72700,0,0,0,0,1,0
1.413,0.13,102200,0,0,0,1,0,0
-0.700,-0.09,70000,0,0,0,0,1,0
1.413,-1.21,40400,0,1,0,0,0,0
0.709,-1.22,35600,0,1,0,0,0,0
-0.700,0.93,75800,0,0,1,0,0,0
-1.404,1.53,94800,0,0,0,0,1,0
-1.404,-1.50,24800,0,1,0,0,0,0
-1.404,-0.33,52000,1,0,0,0,0,0
0.709,2.26,74400,1,0,0,0,0,0
-1.404,-0.77,34800,0,0,1,0,0,0
1.413,-0.33,60000,1,0,0,0,0,0
-0.700,-1.62,38000,1,0,0,0,0,0
0.004,-0.92,40600,1,0,0,0,0,0
-0.700,-0.82,43900,1,0,0,0,0,0
-0.700,0.68,68000,0,0,1,0,0,0
1.413,1.53,31700,0,0,1,0,0,0
0.709,0.68,81500,0,0,1,0,0,0
-0.700,1.53,85700,0,0,0,0,1,0
0.709,-0.33,33500,0,1,0,0,0,0
1.413,0.30,54600,0,1,0,0,0,0
-1.404,0.67,42200,0,0,1,0,0,0
1.413,-0.33,48000,0,0,1,0,0,0
1.413,0.13,54600,0,0,0,0,0,1
0.709,-0.77,61900,0,0,0,0,1,0
-0.700,-0.82,62900,0,0,0,0,1,0
0.004,-0.10,62900,0,0,0,0,1,0
-1.404,-0.82,34000,0,1,0,0,0,0
0.709,0.68,67300,0,1,0,0,0,0
-1.404,1.53,50500,1,0,0,0,0,0
0.709,-1.50,52000,0,1,0,0,0,0
1.413,0.44,76700,0,0,0,1,0,0
1.413,-1.22,39900,0,0,1,0,0,0
0.004,-0.10,58300,1,0,0,0,0,0
-1.404,-0.09,58500,1,0,0,0,0,0
0.709,1.53,21500,0,0,1,0,0,0
-0.700,-0.10,55100,1,0,0,0,0,0
-0.700,2.26,76700,1,0,0,0,0,0
0.004,-0.77,38400,0,0,1,0,0,0
-0.700,0.19,60900,0,0,0,0,1,0
-1.404,-1.34,34500,0,0,1,0,0,0
0.004,-1.21,39900,0,1,0,0,0,0
1.413,0.30,70100,1,0,0,0,0,0
1.413,0.16,74200,0,0,0,0,1,0
-0.700,-0.33,37300,0,1,0,0,0,0
0.004,1.53,100400,0,0,0,0,1,0
0.709,2.26,86300,1,0,0,0,0,0
0.709,-1.66,41000,1,0,0,0,0,0
-0.700,1.53,52900,1,0,0,0,0,0
-0.700,0.13,39500,0,0,1,0,0,0
0.004,0.44,44800,1,0,0,0,0,0
0.709,0.44,47400,1,0,0,0,0,0
0.709,0.13,75900,0,0,1,0,0,0
0.709,0.62,51800,1,0,0,0,0,0
0.709,0.16,53600,0,0,1,0,0,0
-1.404,0.62,39500,0,0,1,0,0,0
1.413,0.13,46700,0,0,1,0,0,0
0.709,-0.82,38000,1,0,0,0,0,0
1.413,0.67,46900,0,1,0,0,0,0
-0.700,2.26,71300,1,0,0,0,0,0
-0.700,0.67,55800,0,1,0,0,0,0
-1.404,0.13,68800,1,0,0,0,0,0
0.709,-0.27,46300,1,0,0,0,0,0
0.709,0.30,50000,0,1,0,0,0,0
0.004,-0.33,55800,1,0,0,0,0,0
-1.404,0.13,66600,0,0,1,0,0,0
1.413,-1.50,39000,0,1,0,0,0,0
0.004,-0.82,43400,0,0,1,0,0,0
0.004,-0.82,57000,0,0,0,1,0,0
-1.404,-1.22,31300,0,1,0,0,0,0
0.004,-0.55,96100,0,0,0,0,1,0
1.413,0.62,43300,0,1,0,0,0,0
0.709,0.13,46800,0,0,1,0,0,0
1.413,0.68,86100,0,1,0,0,0,0
0.709,-0.33,60300,1,0,0,0,0,0
-1.404,0.13,26200,0,0,1,0,0,0
0.709,-0.77,30000,0,0,1,0,0,0
0.709,0.13,103200,0,0,0,1,0,0
0.004,2.26,125900,0,0,0,1,0,0
-1.404,-0.62,50700,0,0,0,1,0,0
0.709,-0.33,67500,0,0,1,0,0,0
0.004,2.26,89800,1,0,0,0,0,0
0.004,-0.33,68800,0,0,1,0,0,0
0.709,0.13,73400,0,0,0,0,0,1
1.413,-1.62,44600,1,0,0,0,0,0
1.413,2.26,85400,1,0,0,0,0,0
1.413,2.26,83800,0,0,0,1,0,0
-0.700,-0.55,44000,1,0,0,0,0,0
-1.404,2.26,62800,1,0,0,0,0,0
-0.700,-0.10,37200,1,0,0,0,0,0
1.413,-0.83,45300,1,0,0,0,0,0
0.004,0.13,77600,1,0,0,0,0,0
0.004,0.67,62400,0,1,0,0,0,0
-0.700,-0.09,47100,0,0,1,0,0,0
-0.700,-1.05,36400,0,1,0,0,0,0
-1.404,0.68,66600,0,0,1,0,0,0
-1.404,0.30,57400,0,1,0,0,0,0
-0.700,-0.82,37900,0,0,0,1,0,0
-0.700,0.13,42000,0,1,0,0,0,0
0.004,0.13,61700,1,0,0,0,0,0
0.709,0.13,60900,1,0,0,0,0,0
0.004,-0.90,44200,0,1,0,0,0,0
-1.404,-1.34,38600,1,0,0,0,0,0
-0.700,-0.09,64900,1,0,0,0,0,0
0.004,2.26,78300,1,0,0,0,0,0
0.709,-0.10,60900,1,0,0,0,0,0
1.413,-1.13,48400,1,0,0,0,0,0
-1.404,0.62,78600,0,0,0,0,1,0
-1.404,-0.10,34800,1,0,0,0,0,0
1.413,0.16,56000,0,0,1,0,0,0
-0.700,-0.33,53200,0,0,1,0,0,0
0.709,-0.10,44300,1,0,0,0,0,0
0.004,0.16,58100,0,0,0,0,1,0
-0.700,0.68,53000,0,0,1,0,0,0
0.004,0.68,86900,0,0,1,0,0,0
0.004,-1.05,39400,0,1,0,0,0,0
0.004,0.67,47300,0,1,0,0,0,0
0.709,-0.10,51600,1,0,0,0,0,0
0.004,0.13,56400,0,0,1,0,0,0
-1.404,-1.05,33300,0,1,0,0,0,0
0.709,-0.33,33700,0,1,0,0,0,0
0.004,-0.82,47800,0,0,0,1,0,0
0.004,0.13,6700,0,0,0,0,0,1
0.709,-1.50,35600,0,0,1,0,0,0
0.709,-0.55,56700,1,0,0,0,0,0
0.004,0.67,48200,0,0,1,0,0,0
-1.404,-0.55,43600,1,0,0,0,0,0
0.004,-1.05,25000,0,1,0,0,0,0
0.004,0.30,48100,0,1,0,0,0,0
0.004,0.13,77500,0,0,1,0,0,0
1.413,1.53,95700,0,0,0,0,1,0
0.709,0.13,80900,0,0,1,0,0,0
0.004,1.53,86900,0,0,0,0,1,0
-1.404,1.88,74900,0,0,1,0,0,0
0.004,0.68,78700,1,0,0,0,0,0
1.413,0.13,32400,0,0,1,0,0,0
0.709,0.13,104400,0,0,0,0,0,1
-1.404,1.88,88000,0,1,0,0,0,0
0.709,2.26,100900,1,0,0,0,0,0
1.413,-0.90,48900,0,0,1,0,0,0
0.709,0.68,65100,0,0,1,0,0,0
1.413,2.26,94500,0,0,0,0,1,0
1.413,-0.10,64400,0,0,0,0,1,0
0.004,-0.33,66200,0,0,1,0,0,0
1.413,2.26,98400,0,0,0,0,1,0
0.709,0.13,76900,1,0,0,0,0,0
0.709,-0.33,46100,0,0,1,0,0,0
0.709,-0.33,65200,1,0,0,0,0,0
1.413,-0.83,55400,0,0,0,1,0,0
0.709,0.13,94600,0,0,0,0,1,0
0.709,-1.13,45200,1,0,0,0,0,0
-1.404,2.26,59500,1,0,0,0,0,0
-0.700,0.30,65800,1,0,0,0,0,0
-0.700,-0.82,34600,0,0,1,0,0,0
0.004,-0.77,67300,0,0,0,0,1,0
-1.404,-0.55,39000,1,0,0,0,0,0
-1.404,0.67,110800,1,0,0,0,0,0
-1.404,-0.10,56900,0,0,0,0,1,0
1.413,0.68,56800,0,1,0,0,0,0
1.413,-0.90,46500,0,1,0,0,0,0
1.413,-0.62,47400,0,0,0,0,1,0
1.413,-0.82,46600,0,1,0,0,0,0
1.413,-0.82,63100,0,0,0,0,1,0
-0.700,0.67,44500,0,1,0,0,0,0
-1.404,0.13,38400,0,0,0,0,0,1
0.709,0.13,57700,1,0,0,0,0,0
0.709,0.45,58900,1,0,0,0,0,0
-1.404,0.45,89900,0,0,0,1,0,0
0.004,-0.09,65000,1,0,0,0,0,0
0.004,0.13,103600,0,0,0,1,0,0
-1.404,0.30,44800,0,1,0,0,0,0
1.413,0.19,68800,1,0,0,0,0,0
1.413,-0.33,38900,0,0,1,0,0,0
0.709,-1.22,46500,1,0,0,0,0,0
1.413,-0.82,53500,1,0,0,0,0,0
0.004,-0.82,48600,1,0,0,0,0,0
1.413,0.13,61200,0,0,1,0,0,0
0.004,1.53,56600,1,0,0,0,0,0
-1.404,-0.83,38400,0,0,0,0,1,0
1.413,-0.09,70500,0,0,0,0,1,0
-0.700,2.26,76100,0,0,0,0,1,0
0.709,-0.92,44500,1,0,0,0,0,0
-0.700,0.68,53800,0,0,1,0,0,0
1.413,2.26,100200,0,0,0,1,0,0
-0.700,1.53,99000,0,0,0,0,1,0
0.004,1.53,94900,0,0,0,1,0,0
0.709,-0.77,41900,0,1,0,0,0,0
1.413,-0.82,54400,1,0,0,0,0,0
-0.700,0.68,86000,0,0,1,0,0,0
1.413,-1.50,27100,0,1,0,0,0,0
1.413,2.26,105000,0,0,0,0,1,0
-0.700,0.13,41800,0,0,1,0,0,0
0.709,-0.10,51400,1,0,0,0,0,0
-1.404,0.68,63800,0,0,1,0,0,0
0.709,-1.05,27300,0,1,0,0,0,0
1.413,0.68,70000,0,0,1,0,0,0
0.004,-0.33,60000,1,0,0,0,0,0
1.413,-0.33,64300,1,0,0,0,0,0
1.413,0.68,80400,1,0,0,0,0,0
0.004,-0.09,60600,1,0,0,0,0,0
-0.700,-1.05,43600,0,1,0,0,0,0
-0.700,0.67,58300,1,0,0,0,0,0
1.413,2.26,110000,1,0,0,0,0,0
-1.404,0.19,10300,0,0,0,1,0,0
-0.700,0.13,73900,1,0,0,0,0,0
-1.404,0.13,98600,0,0,0,1,0,0
1.413,0.13,41800,0,0,1,0,0,0
1.413,-1.05,26300,0,1,0,0,0,0
-1.404,0.68,59500,0,0,1,0,0,0
0.004,-1.50,25600,0,1,0,0,0,0
-0.700,-1.66,31000,1,0,0,0,0,0
0.004,1.88,162500,0,0,1,0,0,0
1.413,-0.09,58900,1,0,0,0,0,0
1.413,-1.34,23100,0,1,0,0,0,0
-1.404,0.68,66700,0,0,1,0,0,0
-0.700,-1.66,36700,0,0,0,0,1,0
0.709,-0.82,59300,0,0,0,0,1,0
0.709,2.26,99600,0,0,0,1,0,0
-0.700,-1.66,36200,1,0,0,0,0,0
0.004,0.30,50900,0,0,1,0,0,0
1.413,2.26,81300,1,0,0,0,0,0
-1.404,2.26,68100,1,0,0,0,0,0
-1.404,-1.66,28000,1,0,0,0,0,0
0.004,0.16,71900,0,0,0,0,1,0
-0.700,0.13,34200,0,0,1,0,0,0
0.709,1.88,95200,0,0,1,0,0,0
-0.700,-0.82,37100,0,0,1,0,0,0
1.413,0.13,64600,0,0,0,0,0,1
0.004,0.68,62300,0,1,0,0,0,0
1.413,-0.27,76200,1,0,0,0,0,0
1.413,-1.66,41300,0,1,0,0,0,0
-1.404,-1.66,31000,0,0,1,0,0,0
-0.700,0.30,48600,0,0,1,0,0,0
1.413,0.68,55400,0,0,1,0,0,0
0.004,-0.90,43300,0,0,1,0,0,0
-0.700,1.53,27000,0,0,1,0,0,0
-0.700,0.13,67200,0,0,0,0,0,1
0.004,-0.64,40900,0,0,1,0,0,0
0.004,-1.66,26700,0,0,1,0,0,0
0.004,-1.34,47300,1,0,0,0,0,0
0.004,-0.64,52900,0,0,1,0,0,0
1.413,0.67,63900,1,0,0,0,0,0
-0.700,0.68,73600,0,0,1,0,0,0
0.004,-0.82,31700,0,1,0,0,0,0
0.709,0.68,54800,0,1,0,0,0,0
1.413,-1.34,48500,1,0,0,0,0,0
-1.404,0.30,60500,1,0,0,0,0,0
1.413,-0.33,116300,0,0,0,0,1,0
-0.700,-0.55,40700,0,0,1,0,0,0
-1.404,-1.50,51300,0,1,0,0,0,0
-1.404,-1.66,36300,0,0,0,0,1,0
-0.700,0.30,50200,0,1,0,0,0,0
0.709,-0.82,54600,0,0,0,1,0,0
-1.404,0.30,50000,0,0,1,0,0,0
0.709,0.93,132500,0,0,1,0,0,0
1.413,-0.10,56100,1,0,0,0,0,0
0.709,-0.82,39700,0,0,0,0,1,0
0.709,1.88,68600,0,1,0,0,0,0
0.709,-1.05,45700,0,1,0,0,0,0
-0.700,1.53,94300,0,0,0,0,1,0
0.004,-1.66,33900,1,0,0,0,0,0
-1.404,-0.10,43900,1,0,0,0,0,0
-0.700,-0.33,57500,1,0,0,0,0,0
-0.700,1.53,100200,0,0,0,1,0,0
0.709,-0.33,60600,1,0,0,0,0,0
1.413,0.30,64200,0,0,1,0,0,0
-0.700,0.68,63500,0,1,0,0,0,0
0.004,0.13,42700,0,1,0,0,0,0
1.413,-1.66,45100,1,0,0,0,0,0
1.413,-0.33,34700,0,1,0,0,0,0
1.413,-0.33,41800,0,0,1,0,0,0
-0.700,-0.83,41200,0,0,0,0,1,0
-1.404,-0.33,44500,1,0,0,0,0,0
0.709,-1.62,29900,1,0,0,0,0,0
-1.404,0.30,43200,0,1,0,0,0,0
-1.404,-0.82,16800,0,0,0,1,0,0
-0.700,0.13,32600,0,0,1,0,0,0
1.413,-0.77,39700,0,0,1,0,0,0
-1.404,1.53,23700,0,0,1,0,0,0
-1.404,-0.82,28800,1,0,0,0,0,0
1.413,-0.33,67300,1,0,0,0,0,0
0.004,-1.34,47800,1,0,0,0,0,0
-0.700,-0.82,47800,0,0,0,0,1,0
0.004,1.53,101700,0,0,0,0,1,0
-1.404,-0.83,37700,0,0,1,0,0,0
0.709,0.13,57000,1,0,0,0,0,0
0.709,-0.55,37300,0,0,1,0,0,0
0.709,-0.33,48100,0,0,1,0,0,0
1.413,-1.22,43300,0,0,1,0,0,0
1.413,0.68,98600,0,0,1,0,0,0
-0.700,-0.82,48200,1,0,0,0,0,0
-1.404,-0.10,45000,1,0,0,0,0,0
1.413,0.13,72000,0,0,0,0,1,0
-0.700,2.26,91000,0,0,0,0,1,0
1.413,-0.77,61200,0,0,0,0,1,0
1.413,-1.66,42700,0,0,1,0,0,0
-0.700,-0.33,58800,1,0,0,0,0,0
-1.404,-0.55,35900,0,0,1,0,0,0
1.413,-0.33,40000,0,1,0,0,0,0
1.413,0.19,54300,1,0,0,0,0,0
0.709,2.26,72000,1,0,0,0,0,0
1.413,-0.82,43500,0,0,1,0,0,0
1.413,-0.77,37700,0,0,1,0,0,0
0.709,-0.09,44900,0,0,1,0,0,0
-0.700,-1.21,27200,0,0,1,0,0,0
-1.404,-0.77,28300,0,0,1,0,0,0
0.004,0.19,88600,0,0,0,0,1,0
-1.404,2.26,113000,0,0,0,1,0,0
0.709,-1.62,41000,0,0,0,0,1,0
0.004,-1.34,22400,0,1,0,0,0,0
0.004,2.26,90300,1,0,0,0,0,0
-1.404,0.13,57000,0,0,0,0,1,0
0.004,-1.66,34800,0,1,0,0,0,0
-0.700,1.53,57100,1,0,0,0,0,0
0.004,2.26,97700,0,0,0,1,0,0
-0.700,0.13,79200,0,0,1,0,0,0
-0.700,0.13,34200,0,1,0,0,0,0
0.709,0.45,56500,1,0,0,0,0,0
0.004,1.53,61100,1,0,0,0,0,0
1.413,1.88,57000,0,0,1,0,0,0
0.709,2.26,95500,0,0,0,0,1,0
0.709,0.16,66700,0,0,0,0,1,0
0.709,-1.66,34400,1,0,0,0,0,0
1.413,0.68,60300,0,0,1,0,0,0
-1.404,-0.90,36600,0,0,1,0,0,0
-1.404,-1.66,21500,0,0,1,0,0,0
0.709,-0.09,72900,0,0,0,0,1,0
0.709,-0.83,42400,0,0,1,0,0,0
1.413,-1.34,53300,1,0,0,0,0,0
-0.700,-0.82,33000,0,1,0,0,0,0
0.004,1.88,96400,0,0,1,0,0,0
0.004,-0.10,58900,1,0,0,0,0,0
0.004,-1.22,41700,0,0,1,0,0,0
0.004,-1.50,33800,0,0,1,0,0,0
-1.404,2.26,89700,0,0,0,0,1,0
1.413,-0.33,58800,0,0,1,0,0,0
1.413,-0.27,49200,1,0,0,0,0,0
0.709,0.16,60900,0,0,0,0,1,0
-1.404,-0.09,38500,0,0,0,1,0,0
-0.700,-0.82,37300,0,0,1,0,0,0
-1.404,-1.66,26800,1,0,0,0,0,0
-0.700,-1.34,35500,0,0,1,0,0,0
0.004,-0.82,58700,0,0,0,0,1,0
-0.700,1.53,78400,1,0,0,0,0,0
0.004,0.13,55100,0,0,0,0,1,0
0.004,2.26,80100,0,0,0,1,0,0
-0.700,-0.55,53000,0,0,1,0,0,0
0.004,-0.27,47700,1,0,0,0,0,0
0.004,-1.66,33700,1,0,0,0,0,0
-0.700,0.30,50300,0,1,0,0,0,0
-0.700,-0.82,31700,0,0,0,1,0,0
0.004,0.68,74300,0,0,1,0,0,0
-1.404,0.13,61700,0,0,0,0,0,1
1.413,0.68,70300,0,0,1,0,0,0
-0.700,0.30,55100,0,0,1,0,0,0
0.004,-0.83,54300,0,0,0,1,0,0
0.004,-0.82,79700,0,0,0,0,1,0
1.413,0.93,131200,0,0,1,0,0,0
-1.404,-0.10,53700,0,0,0,0,1,0
-1.404,-0.82,31900,0,0,1,0,0,0
0.004,-1.66,42800,1,0,0,0,0,0
1.413,-0.82,49200,0,0,0,0,1,0
-1.404,0.13,80100,1,0,0,0,0,0
-0.700,2.26,82200,1,0,0,0,0,0
-1.404,0.13,71700,0,0,0,0,1,0
-0.700,-1.13,38500,1,0,0,0,0,0
0.004,-0.33,37500,0,0,1,0,0,0
-1.404,0.67,52600,1,0,0,0,0,0
0.709,-0.64,42100,0,0,1,0,0,0
-1.404,2.26,90400,0,0,0,1,0,0
0.709,-0.33,38000,0,1,0,0,0,0
0.004,1.53,63100,1,0,0,0,0,0
1.413,0.68,59000,0,1,0,0,0,0
-0.700,0.68,70400,0,0,1,0,0,0
0.709,-0.82,29400,0,0,1,0,0,0
-1.404,0.13,41200,0,0,1,0,0,0
1.413,-1.50,37000,0,0,1,0,0,0
0.004,-0.33,41400,0,0,1,0,0,0
0.004,-1.05,52300,0,1,0,0,0,0
0.004,-0.33,56800,1,0,0,0,0,0
0.709,-0.33,63000,1,0,0,0,0,0
-1.404,0.68,72500,1,0,0,0,0,0
0.004,-0.82,36000,0,0,0,1,0,0
1.413,1.53,90000,1,0,0,0,0,0
-0.700,-0.27,40000,1,0,0,0,0,0
0.709,0.67,48800,0,1,0,0,0,0
-0.700,-0.33,60500,1,0,0,0,0,0
1.413,-1.22,51600,1,0,0,0,0,0
-1.404,0.13,45400,1,0,0,0,0,0
0.004,0.62,48700,1,0,0,0,0,0
0.709,2.26,82300,0,0,0,0,1,0
0.709,0.13,38700,0,1,0,0,0,0
1.413,0.30,74000,1,0,0,0,0,0
0.004,-0.09,58900,0,0,1,0,0,0
0.004,-0.33,45300,0,0,1,0,0,0
0.004,0.13,52700,1,0,0,0,0,0
-1.404,0.13,47500,0,1,0,0,0,0
-0.700,-1.66,27400,0,0,1,0,0,0
0.709,0.13,56400,0,0,0,0,1,0
0.004,-0.09,48600,0,0,1,0,0,0
0.004,-1.13,39900,1,0,0,0,0,0
0.004,2.26,78900,1,0,0,0,0,0
0.709,1.53,88900,0,0,0,1,0,0
0.004,0.13,43900,0,0,1,0,0,0
1.413,1.88,72500,0,1,0,0,0,0
1.413,-1.62,48500,0,0,0,0,1,0
-1.404,-0.33,80400,0,0,0,0,1,0
-0.700,2.26,70600,0,0,0,1,0,0
0.004,-0.33,52600,0,0,1,0,0,0
0.004,0.68,65400,0,0,1,0,0,0
0.004,-0.10,56300,1,0,0,0,0,0
1.413,0.19,82200,0,0,0,0,1,0
0.004,-0.10,41800,1,0,0,0,0,0
0.709,-0.27,42000,1,0,0,0,0,0
0.709,-0.33,115800,0,0,0,0,1,0
-0.700,1.53,98400,0,0,0,1,0,0
1.413,2.26,84300,1,0,0,0,0,0
-0.700,-0.82,75100,0,0,0,0,1,0
0.709,-0.55,44700,0,0,1,0,0,0
-0.700,-0.55,35900,0,0,1,0,0,0
1.413,-0.10,60000,1,0,0,0,0,0
0.709,0.30,46700,0,0,1,0,0,0
-1.404,-0.33,109000,0,0,0,0,1,0
0.004,0.45,55200,1,0,0,0,0,0
-1.404,-0.77,35600,0,1,0,0,0,0
0.709,-0.82,54900,1,0,0,0,0,0
0.004,0.13,74900,0,0,0,0,1,0
0.709,-0.55,49300,1,0,0,0,0,0
1.413,0.44,53300,0,0,0,0,1,0
1.413,-1.21,55200,1,0,0,0,0,0
1.413,0.30,45100,0,1,0,0,0,0
-1.404,0.30,48400,0,1,0,0,0,0
-1.404,-0.09,39300,0,0,1,0,0,0
-0.700,-0.82,39400,1,0,0,0,0,0
0.709,0.68,68800,0,0,1,0,0,0
0.004,2.26,96600,1,0,0,0,0,0
-1.404,-1.62,19800,1,0,0,0,0,0
-0.700,-0.77,39000,0,0,1,0,0,0
0.709,-1.21,43900,0,1,0,0,0,0
0.004,-0.82,46600,1,0,0,0,0,0
-1.404,-0.27,66200,1,0,0,0,0,0
-0.700,0.30,59400,1,0,0,0,0,0
1.413,-0.33,64400,1,0,0,0,0,0
1.413,1.53,62900,1,0,0,0,0,0
0.004,0.68,65200,0,0,1,0,0,0
0.004,1.53,61900,1,0,0,0,0,0
0.709,0.30,52000,0,1,0,0,0,0
-0.700,0.30,55900,0,0,1,0,0,0
1.413,0.13,93900,0,0,0,0,1,0
0.709,-0.82,84500,0,0,0,0,1,0
0.709,-0.77,36100,0,0,1,0,0,0
0.709,0.67,123400,1,0,0,0,0,0
1.413,-0.82,67700,1,0,0,0,0,0
1.413,1.53,99800,0,0,0,1,0,0
-0.700,-0.33,61300,1,0,0,0,0,0
0.709,-1.34,47000,1,0,0,0,0,0
1.413,0.68,80600,0,0,1,0,0,0
-0.700,-0.82,52900,1,0,0,0,0,0
-1.404,-1.62,31400,0,0,0,0,1,0
-0.700,1.88,148000,0,0,1,0,0,0
-1.404,0.13,72600,0,0,0,1,0,0
0.709,0.44,69400,0,0,0,0,1,0
-1.404,-0.55,46800,1,0,0,0,0,0
0.004,0.44,66900,0,0,0,0,1,0
-0.700,-0.83,34600,0,0,1,0,0,0
0.709,-0.33,88200,0,0,0,0,1,0
0.709,-0.82,54500,0,0,0,1,0,0
-1.404,-1.66,20600,0,0,1,0,0,0
0.004,-0.09,44500,0,0,1,0,0,0
1.413,0.13,76800,0,0,1,0,0,0
0.004,0.68,55000,0,1,0,0,0,0
0.709,0.68,77500,0,0,1,0,0,0
0.004,0.13,23700,0,0,1,0,0,0
-1.404,0.68,87200,0,1,0,0,0,0
-1.404,-0.10,70400,0,0,0,0,1,0
-0.700,2.26,85300,1,0,0,0,0,0
1.413,0.13,60400,0,0,0,0,1,0
-1.404,2.26,74300,0,0,0,0,1,0
-0.700,0.30,91300,0,0,0,0,1,0
-1.404,-0.27,34500,1,0,0,0,0,0
1.413,0.19,65900,0,0,0,0,1,0
1.413,-0.64,45400,0,0,1,0,0,0
1.413,0.13,39100,0,1,0,0,0,0
1.413,0.67,53300,0,0,1,0,0,0
-1.404,2.26,83800,0,0,0,1,0,0
0.709,1.53,79400,0,0,0,0,1,0
-0.700,2.26,74900,1,0,0,0,0,0
-1.404,0.13,76700,0,0,0,0,0,1
-1.404,1.88,56100,0,1,0,0,0,0
-0.700,0.13,82100,0,1,0,0,0,0
-1.404,0.13,41900,0,0,1,0,0,0
-0.700,0.19,49000,1,0,0,0,0,0
1.413,-1.66,34900,0,0,1,0,0,0
-0.700,-0.82,51300,0,0,0,0,1,0
0.004,0.16,52300,0,0,1,0,0,0
-1.404,-0.10,34200,1,0,0,0,0,0
-1.404,-1.66,25000,1,0,0,0,0,0
0.709,0.30,68000,1,0,0,0,0,0
-0.700,-0.33,54300,0,0,1,0,0,0
1.413,-0.10,60600,1,0,0,0,0,0
0.709,0.30,61600,0,0,1,0,0,0
-1.404,-0.82,36800,1,0,0,0,0,0
0.709,0.13,43500,0,1,0,0,0,0
0.004,0.13,42800,0,1,0,0,0,0
0.709,-0.82,39100,1,0,0,0,0,0
1.413,0.13,79300,1,0,0,0,0,0
0.004,0.13,33600,0,0,1,0,0,0
1.413,2.26,81400,0,0,0,0,1,0
1.413,-0.82,28300,0,1,0,0,0,0
-1.404,0.13,27400,0,0,0,1,0,0
0.709,1.53,63000,1,0,0,0,0,0
0.004,0.68,79100,0,0,1,0,0,0
-0.700,-0.33,113900,0,0,0,0,1,0
-0.700,-1.50,33600,0,0,1,0,0,0
-0.700,0.44,64100,1,0,0,0,0,0
0.709,-0.09,66200,0,0,0,1,0,0
-0.700,-0.33,33200,0,1,0,0,0,0
0.709,-0.82,41800,0,0,1,0,0,0
-0.700,0.68,53200,0,1,0,0,0,0
0.004,0.30,55300,0,1,0,0,0,0
1.413,-0.82,51800,1,0,0,0,0,0
1.413,0.19,56500,1,0,0,0,0,0
-1.404,-0.82,40300,0,0,1,0,0,0
0.709,-0.82,45100,0,0,1,0,0,0
0.709,-0.77,79000,0,0,0,1,0,0
1.413,0.62,129000,0,0,0,0,1,0
-0.700,-0.33,51900,1,0,0,0,0,0
0.004,0.19,20900,0,0,0,1,0,0
1.413,-0.33,67500,0,0,1,0,0,0
-0.700,-0.82,21300,0,0,0,1,0,0
1.413,-0.09,68200,1,0,0,0,0,0
-1.404,-0.33,45900,1,0,0,0,0,0
0.004,-1.66,24800,0,1,0,0,0,0
0.004,-0.55,51700,1,0,0,0,0,0
-1.404,2.26,91500,1,0,0,0,0,0
1.413,0.68,51500,0,1,0,0,0,0
0.004,0.68,56600,0,0,1,0,0,0
0.004,0.93,39900,0,1,0,0,0,0
0.709,-0.33,60100,1,0,0,0,0,0
-0.700,-0.82,30600,1,0,0,0,0,0
-1.404,-1.66,22400,0,0,1,0,0,0
0.709,-0.82,49900,1,0,0,0,0,0
-0.700,0.13,50500,1,0,0,0,0,0
1.413,0.13,74000,1,0,0,0,0,0
1.413,0.67,119900,1,0,0,0,0,0
-0.700,0.13,95300,0,0,0,0,1,0
-1.404,0.68,52600,0,1,0,0,0,0
1.413,-1.62,30900,0,1,0,0,0,0
0.004,2.26,52800,1,0,0,0,0,0
1.413,0.44,77900,0,0,0,1,0,0
-0.700,-0.64,40700,0,0,1,0,0,0
-1.404,0.30,49000,0,0,0,1,0,0
0.004,-1.22,47700,1,0,0,0,0,0
0.709,-0.64,55700,0,0,1,0,0,0
1.413,-0.33,42700,0,1,0,0,0,0
0.004,-0.33,62900,1,0,0,0,0,0
0.709,-0.77,42200,0,0,1,0,0,0
1.413,-0.83,45800,0,0,1,0,0,0
-0.700,-1.34,40600,1,0,0,0,0,0
0.004,-0.33,53800,1,0,0,0,0,0
0.004,-0.82,51300,1,0,0,0,0,0
0.004,-0.55,41400,1,0,0,0,0,0
-1.404,-0.09,43500,0,0,1,0,0,0
0.709,0.13,64300,0,0,1,0,0,0
1.413,-0.55,53300,1,0,0,0,0,0
0.004,-0.33,40600,0,1,0,0,0,0
-1.404,-0.83,42500,1,0,0,0,0,0
0.004,-0.82,53500,0,0,0,0,1,0
0.004,0.13,81300,0,0,1,0,0,0
-0.700,0.13,54300,0,1,0,0,0,0
1.413,-0.55,54400,1,0,0,0,0,0
-1.404,1.53,69400,0,0,1,0,0,0
0.709,-0.82,45100,0,0,0,0,1,0
-0.700,-0.10,59500,0,0,0,0,1,0
-1.404,-0.33,27900,0,1,0,0,0,0
-1.404,-0.82,24400,0,1,0,0,0,0
-0.700,0.93,41700,0,1,0,0,0,0
-1.404,0.13,43300,0,1,0,0,0,0
1.413,0.67,87800,0,0,1,0,0,0
0.004,-0.33,29200,0,1,0,0,0,0
1.413,-1.66,48400,0,0,0,0,1,0
0.709,-0.62,49200,0,0,0,0,1,0
-1.404,-0.92,33900,1,0,0,0,0,0
1.413,0.68,73100,0,0,1,0,0,0
0.004,0.93,41900,0,1,0,0,0,0
-0.700,0.45,54500,1,0,0,0,0,0
-0.700,-0.77,37000,0,0,1,0,0,0
-1.404,-0.33,43300,0,0,1,0,0,0
-0.700,-0.77,49400,0,0,0,1,0,0
0.709,-0.82,64100,0,0,0,1,0,0
-1.404,2.26,85300,0,0,0,0,1,0
-1.404,0.13,36300,1,0,0,0,0,0
0.709,0.16,67800,0,0,0,0,1,0
-0.700,0.30,50200,0,1,0,0,0,0
-0.700,-0.82,16900,0,0,0,1,0,0
0.709,0.13,78000,1,0,0,0,0,0
-1.404,-0.33,32500,0,0,1,0,0,0
0.709,2.26,88200,0,0,0,0,1,0
1.413,-0.33,43600,0,0,1,0,0,0
0.709,-0.09,63800,0,0,1,0,0,0
0.709,-0.55,64000,1,0,0,0,0,0
-1.404,0.19,61500,1,0,0,0,0,0
-0.700,0.30,61900,0,1,0,0,0,0
-0.700,0.19,55800,1,0,0,0,0,0
-1.404,-0.82,33600,1,0,0,0,0,0
1.413,0.68,67300,0,0,1,0,0,0
-1.404,1.88,42000,0,0,1,0,0,0
-0.700,-0.10,51700,1,0,0,0,0,0
0.709,-0.82,35900,0,0,1,0,0,0
1.413,-1.13,41100,1,0,0,0,0,0
0.004,-0.10,42200,1,0,0,0,0,0
-0.700,-1.22,36800,0,0,1,0,0,0
0.004,1.53,99900,0,0,0,1,0,0
0.709,-0.77,52400,1,0,0,0,0,0
-0.700,-0.92,35600,1,0,0,0,0,0
-1.404,0.13,53100,0,0,1,0,0,0
-0.700,2.26,104200,1,0,0,0,0,0
0.709,2.26,90300,1,0,0,0,0,0
0.004,2.26,97100,0,0,0,0,1,0
-0.700,-1.50,30600,0,1,0,0,0,0
0.004,2.26,92700,0,0,0,0,1,0
1.413,1.53,78200,0,0,0,1,0,0
0.709,0.19,90000,0,0,0,0,1,0
-0.700,-1.05,43400,0,1,0,0,0,0
0.004,0.13,60100,0,0,1,0,0,0
1.413,-0.33,35800,0,1,0,0,0,0
0.709,-1.34,53600,1,0,0,0,0,0
0.004,-0.10,48600,1,0,0,0,0,0
0.709,-0.83,45300,0,0,0,0,1,0
1.413,-0.10,47100,1,0,0,0,0,0
1.413,-0.33,35600,0,1,0,0,0,0
1.413,-0.55,47700,1,0,0,0,0,0
-0.700,-0.82,43500,0,0,0,0,1,0
0.709,0.44,79000,0,0,0,1,0,0
1.413,-0.82,62500,0,0,0,0,1,0
1.413,-1.22,45800,0,0,1,0,0,0
-1.404,-0.10,46100,1,0,0,0,0,0
1.413,-0.33,48600,0,1,0,0,0,0
-1.404,2.26,81600,0,0,0,0,1,0
1.413,-1.50,34800,0,1,0,0,0,0
-0.700,-1.66,43400,0,0,0,0,1,0
0.004,0.19,70600,1,0,0,0,0,0
0.004,0.13,78600,0,0,0,1,0,0
0.709,1.53,102800,0,0,0,0,1,0
0.004,-0.82,52800,1,0,0,0,0,0
1.413,-0.10,48500,1,0,0,0,0,0
-1.404,-1.22,33200,0,0,1,0,0,0
1.413,2.26,71000,1,0,0,0,0,0
0.709,-0.82,56500,1,0,0,0,0,0
-0.700,-0.33,42600,0,0,1,0,0,0
0.004,0.13,35600,0,0,1,0,0,0
-1.404,-1.66,31500,1,0,0,0,0,0
1.413,0.19,80900,0,0,0,1,0,0
0.004,0.13,76500,1,0,0,0,0,0
-0.700,0.13,41900,0,1,0,0,0,0
0.004,0.62,99600,0,0,0,0,1,0
-0.700,0.68,58700,0,1,0,0,0,0
1.413,-0.82,56900,0,0,0,0,1,0
-1.404,-0.33,60700,0,0,1,0,0,0
-1.404,0.44,38000,1,0,0,0,0,0
0.004,-0.27,48300,1,0,0,0,0,0
0.004,-0.82,53800,1,0,0,0,0,0
-0.700,-0.33,39700,0,0,1,0,0,0
-1.404,-0.10,39000,1,0,0,0,0,0
-1.404,0.19,52000,0,0,0,1,0,0
0.004,-1.05,46600,0,1,0,0,0,0
-1.404,-0.77,53400,0,0,0,0,1,0
1.413,0.13,58300,0,1,0,0,0,0
0.709,-0.82,60000,0,0,0,0,1,0
-1.404,-0.33,35400,0,1,0,0,0,0
0.004,0.13,49900,0,1,0,0,0,0
0.004,0.68,57900,0,0,1,0,0,0
0.709,-0.33,42800,0,0,1,0,0,0
-1.404,0.19,55000,0,0,0,0,1,0
0.004,-1.66,38700,0,0,1,0,0,0
0.709,1.88,170000,0,0,1,0,0,0
-1.404,-0.33,30900,0,1,0,0,0,0
-0.700,-0.82,40700,1,0,0,0,0,0
0.709,0.13,46600,0,1,0,0,0,0
1.413,-0.33,62400,1,0,0,0,0,0
1.413,0.13,63800,1,0,0,0,0,0
-0.700,-0.33,59900,1,0,0,0,0,0
0.004,-0.82,54800,1,0,0,0,0,0
-1.404,0.13,35200,0,1,0,0,0,0
-0.700,-1.66,38800,1,0,0,0,0,0
-1.404,0.68,55800,0,0,1,0,0,0
-0.700,-0.82,51700,1,0,0,0,0,0
0.709,-0.10,59100,1,0,0,0,0,0
-1.404,-0.82,41200,1,0,0,0,0,0
1.413,-1.05,47900,0,1,0,0,0,0
1.413,-1.66,33300,1,0,0,0,0,0
1.413,0.68,80200,0,0,1,0,0,0
0.709,2.26,78500,1,0,0,0,0,0
0.709,0.13,77500,0,0,0,0,1,0
0.709,-0.83,64600,0,0,0,1,0,0
0.709,-0.10,86700,0,0,0,1,0,0
1.413,-0.09,62400,0,0,1,0,0,0
-0.700,-0.64,51100,0,0,1,0,0,0
1.413,0.45,57000,1,0,0,0,0,0
0.004,-0.10,39400,1,0,0,0,0,0
0.709,-0.83,50700,1,0,0,0,0,0
0.709,0.44,59000,1,0,0,0,0,0
0.004,-0.33,32400,0,1,0,0,0,0
-1.404,-0.82,53000,0,0,0,0,1,0
-1.404,1.53,97800,0,0,0,0,1,0
0.004,0.13,39800,0,1,0,0,0,0
1.413,2.26,132700,0,0,0,1,0,0
0.004,-0.83,41600,0,0,0,0,1,0
0.004,1.53,83000,0,0,0,0,1,0
0.709,-0.33,56300,0,0,1,0,0,0
1.413,-1.66,30400,0,0,1,0,0,0
1.413,2.26,103200,0,0,0,1,0,0
0.709,1.88,99700,0,1,0,0,0,0
0.004,0.68,70700,0,0,1,0,0,0
-0.700,-0.82,39100,0,1,0,0,0,0
1.413,0.16,54300,0,0,1,0,0,0
-1.404,0.13,25600,1,0,0,0,0,0
0.709,-0.09,61600,1,0,0,0,0,0
0.709,0.45,72700,0,0,0,0,1,0
0.709,-0.33,37700,0,0,1,0,0,0
-0.700,-0.10,63500,0,0,0,0,1,0
0.004,0.13,106900,0,0,0,0,0,1
1.413,0.19,67600,0,0,0,1,0,0
1.413,-0.55,62600,1,0,0,0,0,0
-1.404,0.93,66700,0,0,1,0,0,0
-0.700,-0.82,44800,1,0,0,0,0,0
1.413,-0.55,49900,1,0,0,0,0,0
0.709,0.13,42400,0,0,1,0,0,0
-0.700,0.13,76500,0,0,1,0,0,0
0.709,1.53,100200,0,0,0,1,0,0
1.413,0.13,48600,0,0,1,0,0,0
0.004,0.30,46400,0,0,1,0,0,0
1.413,-0.09,48200,0,0,1,0,0,0
-1.404,-0.33,50600,1,0,0,0,0,0
0.709,0.93,81900,0,0,1,0,0,0
1.413,0.44,69300,0,0,0,0,1,0
0.709,0.13,72700,0,0,0,0,1,0
-0.700,-0.77,35400,0,1,0,0,0,0
-0.700,-0.10,41200,1,0,0,0,0,0
-0.700,0.13,60200,0,0,0,0,1,0
-0.700,-0.55,44900,1,0,0,0,0,0
0.709,0.67,58500,0,1,0,0,0,0
-1.404,1.53,81100,0,0,0,0,1,0
0.004,0.13,51500,1,0,0,0,0,0
-0.700,-1.22,41700,0,0,1,0,0,0
-1.404,1.53,48000,1,0,0,0,0,0
-1.404,0.68,50400,0,1,0,0,0,0
1.413,-1.66,27500,0,0,1,0,0,0
-0.700,-0.33,84900,0,0,0,0,1,0
0.709,-1.66,30900,0,0,1,0,0,0
-1.404,-0.33,51000,1,0,0,0,0,0
1.413,-1.21,31900,0,0,1,0,0,0
-0.700,-1.21,46900,1,0,0,0,0,0
0.709,0.68,82100,1,0,0,0,0,0
0.709,0.13,58200,0,1,0,0,0,0
0.709,-0.09,48300,0,0,1,0,0,0
0.709,-0.82,39100,0,1,0,0,0,0
-1.404,1.53,105200,0,0,0,1,0,0
-0.700,0.16,70900,0,0,0,0,1,0
-1.404,-1.66,25900,0,1,0,0,0,0
-0.700,0.19,55900,0,0,0,1,0,0
1.413,-0.82,44800,1,0,0,0,0,0
-1.404,0.67,47900,0,1,0,0,0,0
1.413,1.88,46800,0,1,0,0,0,0
-1.404,2.26,69600,1,0,0,0,0,0
1.413,0.68,76000,0,0,1,0,0,0
-0.700,-0.33,36300,0,0,1,0,0,0
1.413,-0.33,48700,0,1,0,0,0,0
0.004,1.88,61400,0,1,0,0,0,0
1.413,0.93,46200,0,1,0,0,0,0
1.413,1.53,87300,0,0,0,0,1,0
1.413,0.16,64300,0,0,0,0,1,0
0.004,0.13,83100,0,1,0,0,0,0
-1.404,0.68,68900,0,0,1,0,0,0
0.004,-0.82,26300,0,0,1,0,0,0
-1.404,1.88,123700,0,0,1,0,0,0
0.709,1.53,60900,1,0,0,0,0,0
-0.700,0.68,69400,0,0,1,0,0,0
0.709,1.53,97300,0,0,0,0,1,0
-1.404,0.16,52600,0,0,0,0,1,0
0.004,0.67,83500,0,0,1,0,0,0
1.413,0.30,40300,0,0,1,0,0,0
-0.700,-0.82,49100,0,0,0,0,1,0
0.709,2.26,80800,0,0,0,1,0,0
-1.404,0.62,59900,0,0,0,0,0,1
0.709,0.67,51100,0,0,1,0,0,0
-0.700,0.13,44900,0,1,0,0,0,0
-1.404,-1.62,27000,1,0,0,0,0,0
-1.404,-0.09,50300,1,0,0,0,0,0
-1.404,-0.83,50800,0,0,0,1,0,0
-0.700,0.13,76000,1,0,0,0,0,0
-1.404,-0.33,53400,1,0,0,0,0,0
-1.404,-0.55,39300,1,0,0,0,0,0
1.413,0.13,78200,0,1,0,0,0,0
-0.700,-0.10,45700,1,0,0,0,0,0
-0.700,-1.66,34700,0,0,1,0,0,0
-1.404,-1.50,27500,0,1,0,0,0,0
-0.700,-0.27,74100,1,0,0,0,0,0
-1.404,-0.82,67600,0,0,0,0,1,0
-1.404,-0.62,35000,1,0,0,0,0,0
1.413,0.13,44700,0,0,1,0,0,0
-1.404,-0.33,32400,0,0,1,0,0,0
-1.404,0.13,37900,0,1,0,0,0,0
0.709,-0.82,50100,0,0,1,0,0,0
0.004,-0.55,54800,0,0,1,0,0,0
-1.404,-0.33,50100,0,0,1,0,0,0
0.709,0.13,82000,0,1,0,0,0,0
1.413,-0.55,40000,0,0,1,0,0,0
0.709,-1.66,38800,0,0,0,0,1,0
0.709,0.62,113900,0,0,0,0,1,0
-1.404,0.44,61100,0,0,0,0,1,0
1.413,2.26,103000,1,0,0,0,0,0
1.413,-1.66,37500,1,0,0,0,0,0
-1.404,0.13,94600,0,0,0,0,1,0
1.413,-0.82,35800,0,1,0,0,0,0
0.004,-1.62,31400,0,0,0,0,1,0
0.004,0.44,75900,0,0,0,1,0,0
-0.700,-0.82,40900,1,0,0,0,0,0
0.004,-0.10,84500,0,0,0,0,1,0
-0.700,-0.83,43900,0,0,0,1,0,0
-0.700,0.68,73700,0,0,1,0,0,0
-1.404,0.16,43600,0,0,1,0,0,0
-0.700,0.62,40800,0,1,0,0,0,0
0.709,-0.82,54700,1,0,0,0,0,0
-1.404,0.13,53100,0,1,0,0,0,0
1.413,0.67,70000,0,1,0,0,0,0
-1.404,-1.05,41800,0,1,0,0,0,0
-0.700,-0.82,36600,0,0,1,0,0,0
-0.700,-0.33,48800,0,0,1,0,0,0
1.413,0.30,39400,0,1,0,0,0,0
0.004,-0.33,66400,1,0,0,0,0,0
0.004,-0.33,65800,1,0,0,0,0,0
1.413,-0.82,59700,1,0,0,0,0,0
-0.700,0.68,64800,0,0,1,0,0,0
0.004,2.26,87500,1,0,0,0,0,0
-0.700,-1.66,36500,0,0,1,0,0,0
0.004,0.13,40600,0,0,1,0,0,0
0.004,-1.66,30000,1,0,0,0,0,0
-0.700,2.26,92100,1,0,0,0,0,0
0.709,-0.83,43400,1,0,0,0,0,0
-1.404,-0.33,27700,0,1,0,0,0,0
-1.404,-0.77,35700,0,0,1,0,0,0
-1.404,-0.33,39900,0,0,1,0,0,0
0.004,0.67,54700,0,1,0,0,0,0
-0.700,-0.10,43000,1,0,0,0,0,0
-1.404,-1.21,38600,0,1,0,0,0,0
-1.404,0.13,105300,0,0,0,0,0,1
0.709,0.62,45200,0,0,1,0,0,0
-0.700,0.68,61100,0,0,1,0,0,0
-0.700,0.16,48700,0,0,1,0,0,0
-0.700,-0.33,33400,0,1,0,0,0,0
-1.404,0.16,65300,0,0,0,0,1,0
-1.404,-1.34,21300,0,1,0,0,0,0
-0.700,-0.83,37600,1,0,0,0,0,0
-1.404,0.44,72600,0,0,0,1,0,0
1.413,-1.62,38900,1,0,0,0,0,0
-0.700,-1.62,38300,1,0,0,0,0,0
1.413,0.45,78000,0,0,0,0,1,0
1.413,-0.82,38600,0,0,1,0,0,0
1.413,0.13,60100,1,0,0,0,0,0
-0.700,-0.90,43700,0,1,0,0,0,0
0.004,0.13,44700,0,0,1,0,0,0
0.004,0.67,124100,1,0,0,0,0,0
-1.404,-1.05,33800,0,1,0,0,0,0
1.413,0.93,82100,0,0,1,0,0,0
0.709,-1.13,37700,1,0,0,0,0,0
-0.700,-1.62,38300,1,0,0,0,0,0
-0.700,-1.21,35700,0,1,0,0,0,0
0.004,-0.82,37800,0,1,0,0,0,0
-0.700,-0.33,33600,0,1,0,0,0,0
-1.404,-0.82,37100,0,0,1,0,0,0
-0.700,0.13,101600,0,0,0,1,0,0
-1.404,-0.82,31800,1,0,0,0,0,0
1.413,2.26,114600,1,0,0,0,0,0
0.709,0.16,55400,0,0,1,0,0,0
-1.404,-0.82,50100,0,0,0,0,1,0
1.413,-0.82,35300,0,0,1,0,0,0
1.413,0.13,81000,0,0,1,0,0,0
0.709,0.19,78800,0,0,0,1,0,0
1.413,-0.82,86200,0,0,0,0,1,0
-1.404,-1.34,43400,1,0,0,0,0,0
0.709,0.19,63000,1,0,0,0,0,0
1.413,-0.10,65100,1,0,0,0,0,0
0.709,-1.50,33000,0,1,0,0,0,0
1.413,-0.77,55900,1,0,0,0,0,0
1.413,-0.33,48400,0,0,1,0,0,0
-0.700,0.45,53800,1,0,0,0,0,0
0.709,-1.66,36200,1,0,0,0,0,0
-1.404,0.13,24400,0,0,1,0,0,0
0.709,-0.27,57700,1,0,0,0,0,0
1.413,-0.82,48400,1,0,0,0,0,0
0.004,-0.55,52600,1,0,0,0,0,0
-1.404,2.26,89900,1,0,0,0,0,0
1.413,1.88,175800,0,0,1,0,0,0
1.413,-0.82,63100,1,0,0,0,0,0
0.004,0.19,60700,0,0,0,0,1,0
0.709,0.62,101500,0,0,0,0,0,1
-1.404,0.13,47600,0,0,1,0,0,0
-1.404,0.13,50700,0,0,1,0,0,0
0.709,0.68,65700,0,0,1,0,0,0
-0.700,0.13,106800,0,0,0,0,0,1
-0.700,0.13,54200,0,0,1,0,0,0
-1.404,0.68,47500,0,0,1,0,0,0
-0.700,-0.82,38400,1,0,0,0,0,0
-1.404,-1.66,45400,0,0,0,0,1,0
1.413,0.67,59100,0,1,0,0,0,0
-0.700,-0.62,39800,0,0,0,0,1,0
-1.404,-0.77,37400,1,0,0,0,0,0
0.004,0.30,70200,0,0,0,1,0,0
1.413,1.53,66800,1,0,0,0,0,0
-1.404,2.26,74000,1,0,0,0,0,0
-0.700,-1.50,29400,0,1,0,0,0,0
0.004,-0.77,39100,0,1,0,0,0,0
1.413,-0.10,87100,0,0,0,1,0,0
0.709,2.26,81100,1,0,0,0,0,0
-1.404,0.19,49800,0,0,0,1,0,0
-1.404,-1.62,29900,1,0,0,0,0,0
0.709,-0.90,45600,0,0,1,0,0,0
0.004,0.68,55300,0,1,0,0,0,0
1.413,1.88,96900,0,0,1,0,0,0
1.413,1.53,77800,0,0,0,0,1,0
0.004,-0.33,45000,0,0,1,0,0,0
1.413,-1.05,63700,0,1,0,0,0,0
0.004,-0.33,33400,0,1,0,0,0,0
-1.404,2.26,70500,1,0,0,0,0,0
0.004,0.30,69800,1,0,0,0,0,0
0.709,0.13,93000,0,0,0,1,0,0
0.709,0.13,52400,1,0,0,0,0,0
-0.700,0.13,72400,0,0,0,0,1,0
0.709,1.53,65100,1,0,0,0,0,0
0.004,-0.33,52500,0,1,0,0,0,0
0.709,0.30,86100,0,0,0,0,1,0
-0.700,-0.33,55700,1,0,0,0,0,0
0.004,0.68,69000,0,0,1,0,0,0
-1.404,-0.82,39700,0,1,0,0,0,0
-0.700,2.26,104600,1,0,0,0,0,0
0.004,1.53,91700,0,0,0,1,0,0
0.004,0.30,59200,0,0,1,0,0,0
1.413,0.93,43600,0,1,0,0,0,0
-0.700,1.88,98100,0,1,0,0,0,0
-0.700,-0.10,53300,1,0,0,0,0,0
-0.700,-0.27,48500,1,0,0,0,0,0
1.413,-1.66,64900,0,0,0,0,1,0
1.413,-1.66,43600,1,0,0,0,0,0
-1.404,-0.82,58600,0,0,0,0,1,0
-1.404,0.67,46600,0,1,0,0,0,0
0.004,0.44,70800,1,0,0,0,0,0
0.004,2.26,109800,1,0,0,0,0,0
-0.700,-0.77,58100,0,0,0,0,1,0
-1.404,0.13,82400,0,1,0,0,0,0
0.709,-0.33,66000,1,0,0,0,0,0
-1.404,1.53,51700,1,0,0,0,0,0
1.413,-0.82,57100,1,0,0,0,0,0
0.709,1.88,54200,0,0,1,0,0,0
-0.700,-1.66,29900,1,0,0,0,0,0
1.413,-0.82,55900,0,0,0,1,0,0
-0.700,0.62,103900,0,0,0,0,1,0
-1.404,0.19,42900,1,0,0,0,0,0
1.413,-1.66,15000,1,0,0,0,0,0
-1.404,-1.21,20100,0,0,1,0,0,0
0.709,-0.33,45400,0,0,1,0,0,0
0.709,1.53,99100,0,0,0,0,1,0
1.413,0.62,45800,0,0,1,0,0,0
-1.404,0.68,59000,0,1,0,0,0,0
0.709,0.93,43700,0,1,0,0,0,0
0.709,-1.05,42800,0,1,0,0,0,0
1.413,-0.82,62100,1,0,0,0,0,0
0.709,1.53,78100,0,0,1,0,0,0
1.413,1.53,93400,0,0,0,1,0,0
1.413,-0.10,91700,0,0,0,0,1,0
-0.700,2.26,85600,0,0,0,0,1,0
-0.700,0.13,3100,0,0,0,0,0,1
1.413,-0.33,70500,1,0,0,0,0,0
0.709,-0.77,44700,0,0,1,0,0,0
1.413,-0.82,58800,0,0,0,1,0,0
-1.404,-0.90,39300,0,1,0,0,0,0
0.004,-1.22,42100,0,0,1,0,0,0
1.413,-0.55,46500,0,0,1,0,0,0
-1.404,0.68,43900,0,1,0,0,0,0
0.709,0.13,33600,0,0,1,0,0,0
-0.700,0.19,69900,1,0,0,0,0,0
-0.700,-0.09,56600,1,0,0,0,0,0
1.413,0.13,34500,0,0,1,0,0,0
-1.404,-0.82,46200,1,0,0,0,0,0
0.004,-1.22,37800,0,0,1,0,0,0
0.004,-0.82,38600,1,0,0,0,0,0
0.709,-0.82,51800,1,0,0,0,0,0
-0.700,-1.62,32700,0,0,0,0,1,0
-0.700,-0.55,50900,1,0,0,0,0,0
-0.700,-0.33,39600,0,1,0,0,0,0
-1.404,-1.66,25200,1,0,0,0,0,0
1.413,-1.66,41100,1,0,0,0,0,0
0.709,0.30,44000,0,1,0,0,0,0
1.413,0.13,36500,0,0,1,0,0,0
1.413,-0.62,52100,1,0,0,0,0,0
-0.700,0.67,117100,1,0,0,0,0,0
-1.404,0.68,67800,0,0,1,0,0,0
0.004,-0.33,58400,1,0,0,0,0,0
0.004,-0.33,46300,0,0,1,0,0,0
-0.700,-0.09,70900,0,0,0,1,0,0
-0.700,0.68,53400,0,0,1,0,0,0
-0.700,0.44,59700,0,0,0,0,1,0
-1.404,-0.10,37200,1,0,0,0,0,0
-0.700,-0.33,43200,0,1,0,0,0,0
1.413,-1.66,37600,1,0,0,0,0,0
0.709,0.19,54000,1,0,0,0,0,0
-0.700,-1.34,21800,0,1,0,0,0,0
-0.700,0.44,42100,1,0,0,0,0,0
0.709,-0.33,39200,0,0,1,0,0,0
1.413,0.68,53600,0,1,0,0,0,0
-0.700,-0.10,40100,1,0,0,0,0,0
0.709,-0.09,67800,1,0,0,0,0,0
0.004,-1.22,35600,0,1,0,0,0,0
-0.700,-0.33,52100,1,0,0,0,0,0
-1.404,-0.09,39900,0,0,1,0,0,0
1.413,-0.77,45500,0,0,1,0,0,0
0.004,-1.62,37700,1,0,0,0,0,0
0.004,-0.82,49000,0,0,0,0,1,0
-0.700,1.88,40800,0,1,0,0,0,0
-0.700,-0.82,45800,1,0,0,0,0,0
0.004,0.62,44100,0,0,1,0,0,0
0.709,0.68,77500,0,0,1,0,0,0
1.413,-0.33,74700,1,0,0,0,0,0
0.709,0.68,56400,0,1,0,0,0,0
-0.700,0.19,67600,0,0,0,1,0,0
0.709,0.13,84200,0,0,0,1,0,0
0.709,-1.66,38200,0,0,1,0,0,0
0.004,-0.62,46200,0,0,0,0,1,0
0.709,-0.33,42400,0,1,0,0,0,0
0.004,0.68,75900,0,0,1,0,0,0
1.413,-0.82,38300,0,0,1,0,0,0
-1.404,0.30,38700,0,0,1,0,0,0
0.004,-0.82,61000,1,0,0,0,0,0
-1.404,-0.33,32500,0,1,0,0,0,0
-0.700,-0.33,65000,0,0,1,0,0,0
0.709,-0.10,43800,1,0,0,0,0,0
0.004,0.13,49800,0,0,1,0,0,0
-1.404,-0.33,45300,0,0,1,0,0,0
-0.700,-0.77,43300,1,0,0,0,0,0
0.709,-0.82,31100,0,1,0,0,0,0
0.709,-0.82,41700,0,0,1,0,0,0
1.413,-0.55,66800,0,0,0,0,1,0
0.004,-0.27,39600,1,0,0,0,0,0
-0.700,-1.62,18600,0,0,0,1,0,0
-1.404,0.45,52000,1,0,0,0,0,0
-1.404,-0.82,28600,1,0,0,0,0,0
0.004,1.88,43900,0,1,0,0,0,0
0.709,0.67,64800,0,1,0,0,0,0
-0.700,0.68,61200,0,1,0,0,0,0
-0.700,-0.33,42000,0,0,1,0,0,0
-0.700,-1.22,42300,1,0,0,0,0,0
-0.700,0.16,50300,0,0,1,0,0,0
0.004,-1.13,38800,1,0,0,0,0,0
-1.404,-0.10,67200,0,0,0,1,0,0
1.413,-0.09,45900,0,0,1,0,0,0
-1.404,-0.82,41800,1,0,0,0,0,0
1.413,-1.66,40600,0,0,1,0,0,0
-0.700,-1.22,34900,0,1,0,0,0,0
1.413,0.19,53100,1,0,0,0,0,0
0.709,0.68,54500,0,0,1,0,0,0
-1.404,0.13,37800,1,0,0,0,0,0
-1.404,-0.10,55700,0,0,0,0,1,0
0.004,-0.55,37500,0,0,1,0,0,0
0.709,-0.33,35900,0,1,0,0,0,0
-1.404,-0.10,33100,1,0,0,0,0,0
1.413,-0.82,46900,0,0,1,0,0,0
1.413,-0.83,54900,1,0,0,0,0,0
-0.700,0.44,56200,0,0,0,1,0,0
-1.404,-0.82,34800,1,0,0,0,0,0
-1.404,-0.33,36700,0,0,1,0,0,0
1.413,-0.27,56300,1,0,0,0,0,0
-0.700,0.13,79400,1,0,0,0,0,0
-0.700,0.16,55400,0,0,0,0,1,0
-0.700,0.68,60400,0,0,1,0,0,0
-1.404,0.16,44300,0,0,1,0,0,0
0.709,0.13,34800,0,0,1,0,0,0
0.709,-1.22,40400,0,0,1,0,0,0
0.004,-1.34,37200,0,0,1,0,0,0
1.413,0.13,87600,0,0,0,1,0,0
-1.404,0.13,43900,0,0,1,0,0,0
-1.404,-0.77,58600,0,0,0,0,1,0
-1.404,1.53,100300,0,0,0,0,1,0
-0.700,-0.82,29200,0,0,1,0,0,0
-1.404,-1.66,30200,1,0,0,0,0,0
1.413,-0.33,52300,0,0,1,0,0,0
0.709,0.13,41000,0,0,1,0,0,0
0.004,0.93,78700,0,0,1,0,0,0
-0.700,-0.82,51900,1,0,0,0,0,0
-0.700,-0.83,48100,1,0,0,0,0,0
1.413,-0.33,91100,0,0,0,0,1,0
